week_start_utc,pdf form filler,fill and sign pdf,pdf autofill,ai pdf filler,ai form filler,is_partial
2025-09-28,35,39,34,45,14,false
2025-10-05,32,37,40,38,10,false
2025-10-12,31,41,26,38,15,false
2025-10-19,25,37,36,39,5,false
2025-10-26,30,44,19,38,13,false
2025-11-02,23,45,26,38,12,false
2025-11-09,31,36,27,43,11,false
2025-11-16,36,45,33,44,11,false
2025-11-23,36,36,38,50,8,false
2025-11-30,32,51,51,63,13,false
2025-12-07,32,46,36,40,9,false
2025-12-14,29,39,30,40,11,false
2025-12-21,19,31,22,32,8,false
2025-12-28,27,29,18,26,7,false
2026-01-04,25,43,27,35,11,false
2026-01-11,36,47,26,32,6,false
2026-01-18,35,39,40,33,12,false
2026-01-25,36,42,32,37,10,false
2026-02-01,36,37,28,35,10,false
2026-02-08,39,47,30,37,11,false
2026-02-15,30,45,40,39,7,false
2026-02-22,44,53,37,53,14,false
2026-03-01,43,59,49,68,19,false
2026-03-08,43,56,56,82,14,false
2026-03-15,44,53,74,89,14,false
2026-03-22,45,59,93,100,17,false
2026-03-29,55,59,86,89,18,false
2026-04-05,54,62,71,100,18,false
2026-04-12,57,57,84,94,27,false
2026-04-19,48,58,68,87,14,false
2026-04-26,53,61,48,62,16,false
2026-05-03,53,70,50,64,15,false
2026-05-10,45,76,59,72,14,false
2026-05-17,38,69,73,67,18,false
2026-05-24,38,69,69,69,21,false
2026-05-31,40,70,76,78,16,false
2026-06-07,37,69,68,58,15,false
2026-06-14,47,64,59,62,13,false
2026-06-21,39,69,70,50,15,false
2026-06-28,34,54,53,58,20,false
2026-07-05,43,54,42,49,16,false
2026-07-12,28,48,34,34,7,false
2026-07-19,38,58,34,46,12,false
2026-07-26,37,65,35,34,9,false
2026-08-02,26,34,22,23,0,false
2026-08-09,22,38,25,21,6,false
2026-08-16,23,34,20,16,0,false
2026-08-23,24,37,15,10,0,false
2026-08-30,25,36,23,15,5,false
2026-09-06,32,41,28,19,8,false
2026-09-13,26,39,12,6,3,false
2026-09-20,21,37,17,11,4,false
2026-09-27,18,28,11,9,4,true
